{
    "Description": "Global configuration file for O365 Investigations",
    "InvestigationAppID": "",
    "InvestigationAppSecret": "",
    "InvestigationTenantDomain": "",
    "InvestigationTenantGUID": "",
    "LoginURL" : "https://login.windows.net",
    "ResourceAPI" : "https://manage.office.com",
    "IngestLocalFiles": "False",
    "NumberOfDaysToPull" : "7",
    "DateToPull" : "",
    "StoreFilesLocally" : "True",
    "LocalFileStore" : ".\\JSON",
    "StoreDatainMySql" : "False",
    "MySqlUserName" : "",
    "MySqlPass": "",
    "MySqlDb" : "o365investigations",
    "MySqlHostname" : "localhost",
    "StoreDataInAzureSql": "False",
    "AzureSqlUsername" : "",
    "AzureSqlPass" : "",
    "AzureSqlDb" : "o365investigations",
    "AzureSqlHostname" : "",
    "StoreDataInAzureBlob" : "False",
    "AzureAccountName" : "",
    "AzureAccountSecureString" : "",
    "AzureBlobSubscription" : "",
    "AzureBlobStorageAccountName" : "",
    "AzureBlobContainerName" : "",
    "StoreDataInAzureDocDb" : "False"
}

