DeviceAlias,DateLastSeen
HEMXL209161SK,6/17/2019 19:06
HEMG00HAQCD,4/26/2019 16:24
HEPC0GQ1SNL,4/13/2018 16:05
HEJ8Z3MP2D,8/2/2021 1:19
HEMG007QXAD,6/19/2019 21:05
HER90BPXBHL,11/19/2018 21:28
HEMG00HARZD,11/30/2018 15:38
HEPC08DU0AL,8/22/2019 13:20
HEFT37QH2L,9/13/2021 22:46
HEPC027GPKL,9/20/2018 14:40
HEMJ02XKD8D,5/18/2018 23:54
HEPC08URDUL,4/17/2019 14:44
HEPC08DXLFL,10/10/2018 1:30
HEPC06RN3RL,6/28/2019 15:07
HE63GGMV2L,8/6/2021 13:28
HEMG00GK84D,7/2/2019 19:17
HED8JQDW2D,9/14/2021 13:47
HER90C3Y1KL,6/1/2018 16:26
HEMG00HAUDD,8/5/2019 12:38
HEPC00DXTYL,12/17/2018 20:45
HECNU31198JFL,4/19/2017 17:46
HEPC0BGH7BL,9/18/2018 17:43
HE97D4DS2D,4/1/2021 18:38
HER90F5PHCL,9/28/2018 13:56
HEPC09S6ECL,4/11/2019 12:38
HEMJ0339X3D,4/26/2018 16:30
HEMJ02XKBUD,5/18/2018 21:59
HEPC06T72KL,2/19/2018 8:51
HEPC03Z263L,6/12/2018 22:34
HE2WDVSG2L,5/5/2021 14:10
HE5LTSA41967L,6/24/2019 18:05
HEPC08DTZ2L,7/29/2019 16:21
HEPC02CNQ6L,2/13/2017 22:45
HE6FTSA69015L,10/9/2018 2:50
HEMG00HARYD,7/14/2017 14:47
HEMJ03FACRD,7/5/2019 20:01
HEPC0FD2M4L,2/22/2019 22:24
HEJWL4PH2L,6/4/2021 21:36
HE-4WDFJR2,7/17/2021 9:06
HEMG00HANFD,7/8/2019 15:40
HEPC09S6GBL,3/1/2018 20:32
HEPC0H0JVAL,2/5/2019 18:56
HEMXL24130DVD,4/11/2019 20:12
HEPC06T5LRL,3/26/2019 8:50
HER901CXEBL,7/16/2019 22:12
HEPC06T731L,1/8/2018 15:49
HE2J09RV2L,4/21/2021 19:29
HEPC06RN5SL,1/14/2019 19:38
HEPC060ZWKL,10/15/2018 17:10
HEPC09S6EZL,3/21/2019 18:28
HEMJ03FMYGD,6/21/2018 18:18
HE6ATSA47089L,3/1/2019 12:50
HEPC06T5M7L,5/21/2018 15:17
HEPC0FD2M5L,12/27/2018 22:47
HE8CG736778RL,5/16/2021 11:18
HEPC08P6SNL,6/27/2019 12:22
HEMG00JQGHD,1/26/2018 15:59
HE025994601157L,8/2/2021 16:06
HEGL0SPX2D,6/17/2021 15:10
HEPF0CQPPFL,2/3/2019 0:09
HE6P3SHM2L,4/5/2021 19:53
HE8S2Z7X2D,7/26/2021 19:30
HEPC08ERX3L,6/1/2018 23:19
HEMJ01X9V1D,6/1/2018 14:58
HEMJ03EFFEK,10/16/2018 19:32
HE5JTSA31864L,10/15/2019 12:45
HEPC0FLBPZL,10/2/2019 13:33
HE5JTSA32340L,4/20/2019 1:02
HE5VQDTG2L,6/5/2021 0:10
HER901CXFKL1,2/4/2019 16:32
HEMG00HAMVD,7/19/2019 12:57
HE5LTSA41366L,6/26/2019 3:49
HEPC02L8LRL,8/30/2017 13:05
HEPC02CQ1RL,12/18/2018 16:15
HE5JTSA31919L,1/28/2019 14:24
HEMJ02XKBND,5/18/2018 20:02
HER90BPX7FL,6/15/2018 14:28
HE1YNG0S2D,3/18/2021 12:40
HEPC09S6EHL,6/13/2019 18:54
HEDM96QH2L,7/27/2020 17:19
HE3PTCQV2L,6/11/2021 15:27
HEPC09SEPVL,7/16/2019 16:42
HEB9RVYW2L,5/28/2021 13:24
HE6ATSA47014L,5/8/2018 23:00
HEPC056TPYL,4/16/2018 18:21
HEPC06KSA7L,7/19/2019 18:58
HEMJ02XKDBD,7/3/2019 17:42
HEPC04JZPEL,9/10/2018 21:16
HE5HTSA18259L,1/12/2019 15:19
HER90GN36CL,5/31/2019 14:11
HEPC08ERXPL,12/28/2017 22:02
HE8CYV5S2L,5/28/2021 22:37
HEPC0FLEN8L,1/5/2019 21:57
HEPC053C6FL,10/2/2019 14:15
HE7ETSA04548L,11/8/2017 13:52
HEPC0FL7E8L,2/21/2019 2:00
HE6V77MQ2L,4/27/2020 13:58
HEPC0EVFPVL,5/10/2018 14:56
HEMG00JQGGD,10/8/2019 15:41
HEPC0DE0X0L,6/18/2019 19:03
HEMJ03FME5D,5/31/2019 17:47
BLBVM02,3/17/2021 17:57
HE3PWG7Y2L,8/5/2021 20:35
HEMG00HAN2D,7/22/2017 13:50
HEGL073Y2D,8/31/2021 18:50
HEPC0H0B3JL,10/2/2018 14:23
HEMJ02XKFWD,5/18/2018 20:58
HEMJ02Y2A5D,6/18/2019 19:11
HEF26LJR2L,12/23/2019 17:25
HEMJ03FMP0D,6/18/2019 15:29
HEPC08P6STL,6/20/2018 20:55
HEH757AAH5L,6/24/2019 16:48
HEPC041CN8L,1/29/2018 15:21
HEMJ030PC1K,8/7/2017 16:00
HEPC02CNPEL,12/3/2018 16:18
HEMJ01X9V7D,6/1/2018 13:46
HEMJ0354E5K,8/20/2019 20:13
HEMJ01XAUCD,6/1/2018 19:44
HEPC0CRNVNL,1/14/2019 19:45
HEPC09S6CFL,6/20/2019 19:38
SIGNATURE004459,4/1/2021 4:32
HEPC041CMWL,6/6/2019 18:07
HE4B6SP93L,6/29/2021 21:40
HE8N7BTG2L,3/17/2021 12:15
HEPC08VTV4L,5/8/2018 13:03
HEPC09SEP1L,6/5/2018 3:01
HEMJ03FAJBD,6/13/2019 13:51
HEPC0EB90NL,12/18/2018 14:41
HEMJ02XKBMD,5/18/2018 23:54
HERC739S0396L,9/17/2018 16:12
HE8ZPG7Y2L,4/6/2021 14:20
HE5ITSA290612L,8/26/2019 20:11
HEPC0DT526L,12/19/2018 13:49
HERC539S0306L,6/7/2017 18:24
HEMJ0339RZD,5/1/2019 13:01
HEMJ025CYAD,12/12/2018 17:38
HEMJ03FMWZ1D,9/23/2019 17:05
HER90L40PHL,6/18/2018 12:49
HER90HW5NRL,2/4/2019 22:28
HECNU431BWR0L,7/24/2018 21:11
HEPC08ERSPL,5/7/2018 16:51
HEMJ039C6NK,10/5/2019 19:18
HEMXL209162KK,8/21/2018 12:47
HEPC02DBA0L,9/6/2017 16:54
HEPF00B7PVL,2/26/2019 14:12
HEMG00HALRD,4/10/2019 17:58
HEMJ03FMMMD,6/28/2019 21:40
HEPC02L8MUL,12/18/2018 16:49
HE5LTSA42022L,5/21/2020 12:59
HEPC06T5PZL,6/19/2019 21:41
HEG09VSG2L,4/14/2021 19:49
HEMXL24130CLD,6/6/2019 13:02
HEMJ02XK91D,2/5/2018 19:19
HEMJ0339XQD,4/25/2019 19:58
HEMJ02XKRDD,5/17/2018 21:29
HEMJ02XKDHD,5/21/2018 18:08
HEPC0FDV49L,11/2/2018 14:28
HE548BTG2L,6/18/2021 18:36
NOC-EUCWKST-01,3/5/2021 20:48
HE5JTSA31765L,5/31/2019 11:25
HE56NFSN2L,5/4/2021 18:40
HEMG008CF1D,9/17/2018 13:36
HEMJ02XK9ND,6/18/2019 17:52
HEJLXRLQ2L,6/24/2021 8:07
HECRTFSN2L,6/16/2021 12:43
HEHK54FW2D,4/6/2021 13:34
HE6ATSA47899L,2/7/2019 19:41
HEMXL2091615PK,6/18/2021 15:08
HEMG00JQHFD,8/8/2018 23:56
HEMG00GKGGD,12/17/2019 16:49
HERC539S0312L,1/18/2018 18:39
HE1Y9G0S2D,5/28/2021 5:00
HEMJ03EFG2K,6/17/2019 14:57
HEDP7BTG2L,9/8/2021 10:17
HEPC05H6ERL,5/31/2018 15:00
HE6ATSA47807L,2/22/2019 18:24
HEMJ02XKPVD,5/17/2018 21:10
HEMG008CF0D,6/15/2018 14:10
HECNU2062GC7L,9/7/2019 23:31
HE6CTSA53954L,7/5/2019 15:27
HEMG00HAT7D,8/2/2018 15:53
HER90BPPK8L,12/17/2018 16:23
HEMJ03FAKRD,4/26/2019 12:14
HECSSSST2L,8/4/2021 22:43
HEMJ02Y2B4D,8/16/2018 11:16
HER90G4P0ZL,7/5/2019 15:09
HEMJ0339R3D,5/14/2018 15:21
HEPC06M2ULL,3/27/2018 18:55
HEPC02CNQYL,12/17/2018 21:46
HEPC06FZ6QL,1/24/2018 14:33
HE2GHXPH2L,5/13/2021 12:52
HE5HTSA18158L,3/6/2017 15:41
HE8S1X7X2D,4/6/2021 11:59
HEMJ02XKBLD,7/1/2019 21:30
HEPC09SBH3L,1/17/2019 0:55
HECPRNNV2L,6/10/2019 15:53
HE47YDTG2L,8/31/2021 18:51
HEMJ01XBU3D,12/14/2018 21:08
HER901CXERL,8/23/2018 20:43
HEPC08DU2RL,8/22/2018 18:43
HEPC0DT528L,5/21/2019 21:21
HEPC06FZ7ZL,11/14/2017 16:34
HEMG00GKJSD,9/20/2019 20:10
HEMJ02XKBKD,5/20/2018 0:43
HE5HTSA18152L,4/18/2019 18:13
HEFLCTSG2L,3/18/2021 21:17
HE5LTSA42069L,7/2/2019 19:46
HEPC06FZ9ML,11/16/2018 17:05
HE1VPRSG2L,4/12/2021 14:55
HEPC09S66PL,12/22/2018 19:16
HE2UA3420Y0GD,6/13/2019 15:19
HEMG00HATZD,9/27/2019 13:36
HEF7G9RN2L,7/29/2021 19:42
HEPC06KS9DL,6/6/2019 12:56
HEMJ01GQTWK,4/18/2018 20:00
HEPC041CP2L,6/28/2019 16:38
HEMXL2131JMCD,12/19/2018 15:35
HEPC0FRM01L,1/23/2019 16:06
HECNU251CSH1L,10/9/2018 0:34
HE3C7N7Y2L,8/27/2021 19:07
HEPC08VTUPL,4/17/2019 0:00
HEMJ01X9V6D,12/19/2018 18:59
HE6ATSA48084L,9/20/2019 15:25
HEPC00MG9GL,10/27/2017 20:13
HEMG00JQBQD,12/31/2018 19:17
HEPC09S6FSL,8/8/2019 15:22
HEMJ0339SKD,3/22/2019 17:47
HED8JVDW2D,8/29/2021 19:23
HEMJ03ZU2XK,8/12/2019 20:05
HEDRMVSG2L,7/14/2020 20:51
HEMJ02XKDJD,5/18/2018 21:49
HEF2PRYX2L,8/5/2021 17:52
HEPC0FL866L,6/20/2017 8:22
HE7ATSA94419L,2/27/2019 0:48
HEMJ025B21UD,8/6/2019 13:27
HECNU20100ZLL,6/1/2017 15:51
HE5ITSA23787L,3/4/2019 12:50
HERF339S0589L,4/19/2018 14:50
HEMG00GKDED,6/11/2019 13:07
HEPC0DTCN5L,8/28/2018 18:13
HEPC08P6SDL,6/10/2019 13:59
HEMG00HAP1D,6/5/2019 18:34
HEMJ03LV39D,6/11/2019 13:03
HEMJ031E88K,8/13/2019 14:03
HEHF3WYW2L,9/2/2021 16:22
HE5JTSA31813L,5/6/2021 15:04
HEMJ03FMGPD,6/28/2019 10:29
HEPC06T5KZL,4/27/2018 15:18
HE5JTSA32036L,6/8/2018 13:35
HEMJ03FMQQD,5/15/2019 11:47
HE6ATSA45805L,4/17/2019 19:58
HEMJ03F75RD,9/20/2019 8:32
HE6ETSA64950L,8/1/2019 23:37
HEMXL2061ZNLD,6/20/2019 18:29
VDI-ERPMENU-5,7/13/2020 21:02
HE2W5BTG2L,8/10/2021 11:44
HEMJ0339SYD,11/12/2019 21:31
HEMJ02XKEBD,7/3/2019 13:51
HEMXL2072490D,9/25/2017 23:20
HEPC06T5MUL,4/12/2019 15:20
HEPC053EBCL,10/15/2018 16:43
HE5ITSA23421L,1/15/2018 17:56
HEPC06KS82L,6/3/2019 21:37
HEMJ03FMGWD,4/17/2019 16:06
HEPC0FLF6XL,6/13/2019 14:05
HER90K4FW2L,5/29/2018 20:23
HEMG008CEQD,1/28/2019 17:54
HE3PHNG92L,11/6/2017 17:57
HEMJ03FN45D,7/8/2019 15:59
HEPC08P6S0L,6/2/2018 12:12
HEGX1YSG2L,5/12/2021 11:34
HEMG00GK85D,8/1/2019 15:47
HEPC09SEPPL,7/2/2017 20:59
HEHK51FW2D,4/21/2021 18:16
HEH1VMZD3L,5/28/2021 14:49
HEPC08DWA6L,5/23/2019 14:59
HEMG00D8RZD,1/30/2018 13:41
HEMJ02XKB5D,5/18/2018 21:13
HEPC0DT525L,4/12/2018 17:50
HE6ATSA47578L,11/29/2017 23:17
HEPC04JZPAL,3/7/2020 22:21
HE6FTSA68544L,4/27/2021 1:18
HEPC05H6E7L,2/25/2019 19:44
HEBKZJ5S2L,4/30/2021 20:23
HEPC0CTQQFL,12/11/2020 16:03
HEPC06T5PXL,7/18/2019 19:56
HEPC02DBAEL,1/12/2018 14:39
HEMJ04GAMZK,5/24/2019 14:33
HEPC06KS93L,5/21/2018 11:35
HEMJ033A03D,1/11/2019 12:57
HEMG00JQ87D,3/1/2018 18:01
HEPC02CNQ9L,12/19/2018 15:06
HEMG00JQ38D,4/15/2019 18:09
HEMJ03FN0GD,12/5/2017 23:22
HEMG00H4BZD,6/18/2019 19:06
HEPC03LZA5L,8/28/2018 15:25
HEPC0FDVWKL,8/4/2019 19:46
HEPC0D8517L,3/6/2019 14:55
HEPC06KS9RL,1/25/2018 21:41
HEPC0FL9HML,11/13/2017 19:19
HEMXL2061WS7D,6/26/2018 12:42
HEPC08DU1ZL,2/19/2018 8:24
HECNU1513ZJPL,10/11/2018 20:53
HEPC03Z26ZL,5/23/2018 12:54
HEPC06FZ8QL,12/12/2017 22:51
HEMJ02Y2CDD,8/2/2017 16:08
HEPC08ERYYL,6/27/2019 17:37
HE9HYV5S2L,2/4/2020 10:29
HEPC08DXKZL,6/20/2019 19:14
HE5HTSA18237L,5/7/2017 23:46
HEMJ03FN0RD,6/13/2019 11:24
HE5JTSA32244L,4/1/2019 15:51
HEMJ02XJ7DK,5/5/2017 4:10
HEMJ033A9DD,7/2/2019 14:17
BLBVM01,8/5/2021 19:46
HEMG00HAMLD,5/29/2019 8:23
HEMJ03EFFGK,12/18/2018 16:36
HEPC08DW7YL,4/22/2019 20:23
HE5JTSA32001L,9/21/2019 0:36
HEPC08DW5UL,3/20/2018 13:32
HEMG00D8UDD,2/12/2019 7:32
HEPC0DT529L,9/12/2019 16:36
HER90HTNTUL,6/7/2017 15:08
HEPC09S6DQL,3/31/2020 19:30
HEPC08P6SAL,3/31/2019 23:48
HECNU315C4VDL,7/11/2017 18:02
HEPC0FDVX2L,6/20/2019 12:05
HEMJ03FNGDD,4/26/2019 12:26
HEMJ030PB7K,5/21/2018 16:44
HEMJ01HXU6K,4/27/2018 13:59
HEMJ025AZ0D,4/27/2018 20:21
HEMJ03FMRKD,4/29/2019 18:33
HEMJ03FALJD,4/11/2019 13:06
HEMJ03EFG6K,10/19/2018 19:11
HE8NBYSG2L,8/25/2021 14:39
HEMG00HATRD,5/16/2018 13:49
HEPC053C5KL,6/27/2019 12:27
HEMJ01GQTYK,6/15/2018 15:04
HEMJ033AA0D,7/15/2019 20:59
HEPC0FL6RNL,10/8/2018 17:28
HE-747211854775,7/27/2021 19:58
HEPC02CNCPL,2/21/2018 20:47
HE6Q8VJM2L,7/14/2021 16:39
HEF78QSG2L,8/13/2021 5:31
HEMJ030PBMK,6/15/2018 14:40
HEPC02L6HXL,4/15/2019 2:04
HEFLL5QH2L,6/22/2021 20:08
HEPC0FLJDEL,4/12/2019 11:59
HEC8KRYM2L,10/11/2020 11:01
HEMJ03FABYD,6/19/2019 15:03
HEPC06T5LML,6/23/2019 21:31
HER90GQWWEL,8/8/2017 22:17
HEBCX1GQ2D,8/2/2021 1:20
HEMJ021BXXD,11/9/2018 20:45
HER901CXEHL,12/18/2018 15:07
HE6ATSA46940L,6/28/2018 18:25
HEMJ03SJ05D,9/27/2019 18:41
HEMJ0339R9D,6/13/2019 15:19
HED7X5TG2L,6/4/2021 18:30
HE1N7BTG2L,6/14/2021 15:56
HEUSH345A0FED,4/27/2018 13:11
HER90A7GWWL,12/18/2018 14:28
HEPC08URDAL,4/17/2019 16:28
HER901CXEWL,3/18/2019 22:25
HEPC04JZMRL,7/2/2019 21:47
HEMJ02XKRFD,5/19/2018 22:16
HEMJ03FN5AD,4/11/2019 15:27
HEMJ03FMH3D,4/11/2019 14:04
HE6DTSA60671L,11/3/2017 15:17
HE-FNXX5H2,7/29/2021 1:39
HEMJ01X9V5D,12/18/2018 15:54
HEMG00GKJND,7/17/2019 16:36
HE5ITSA23471L,8/29/2018 21:41
HE9HPS7X2D,6/30/2020 2:00
HEMXL2121PRZD,8/15/2019 14:17
HEPC05H6EDL,7/22/2019 17:29
HEPC0FDV5CL,3/28/2018 22:58
HEMJ03F7K6D,9/25/2019 17:40
HE9D3LGB3L,7/10/2021 9:33
HEPC06T5RKL,7/25/2018 23:40
HE5FTSA08192L,5/4/2017 16:36
HEPC0FLFSWL,5/10/2018 22:59
HECNU310BZQBL,4/3/2019 7:02
HEMJ03FMRYD,6/19/2019 16:27
HEPC09S67EL,2/13/2018 16:51
HE5ITSA23680L,9/5/2019 19:03
DESKTOP-54MPTNB,8/23/2019 18:11
HEMJ02XKEFD,6/12/2019 18:50
HEMJ03EFG4K,11/19/2018 22:33
HEPC06FZ7QL,5/16/2018 15:18
HEPC06T5LSL,11/1/2018 15:41
HEMJ03SE90D,7/13/2017 16:14
HEMJ01XBUJD,10/18/2017 16:57
HEMJ03EFG7K,8/8/2018 15:14
HEMJ03EFG1K,7/19/2019 19:36
HE5HTSA20586L,7/18/2019 23:26
HEMG00D8RBD,7/23/2017 19:13
HEPC0D84GGL,9/18/2018 15:25
HE4LTSA75889L,6/18/2019 17:38
HE8WJLTT2,10/30/2020 21:59
HE5ITSA23673L,6/14/2018 21:22
HE5KTSA38724L,2/26/2020 20:31
HE2H6S4M2L,8/31/2021 20:44
HEC8KRYM2L,7/6/2021 18:33
HE6ATSA46869L,5/17/2018 19:35
HE5JTSA32267L,1/13/2020 14:06
HE7BTSA95972L,4/12/2019 13:38
HE2UA4320CF4D,6/27/2019 17:02
HEPC04JZLVL,11/14/2018 21:01
HEMJ02XKR9D,7/3/2019 13:41
HEMJ02XKD2D,7/1/2019 22:08
HE6ATSA47163L,11/18/2019 14:47
HEPC0D0NTKL,7/8/2019 20:57
HE6ATSA47224L,4/11/2019 12:57
HEPC06KS7PL,2/4/2019 21:33
HEPC056TPGL,6/11/2019 14:09
HE5QZJ5S2L,7/6/2021 16:19
HEMJ03SHYWD,9/25/2019 20:48
HE1YRL0S2D,4/8/2021 12:03
HEPC08DWDNL,7/10/2019 15:42
HE5HTSA21299L,3/30/2018 15:14
HEMXL2420H56D,3/27/2018 12:56
HEMG00GK81D,7/3/2019 14:33
HEMJ02XJU5D,5/18/2018 23:18
HEMJ01XBUBD,6/1/2018 14:29
HE7P92BD3D,8/30/2021 23:02
HEPC08DU1XL,3/16/2018 17:49
HEPC06KSB7L,9/28/2018 19:03
HEPC0FL8N2L,6/6/2018 16:52
JFONT-WIN10,9/19/2020 2:51
HEMJ033A01D,4/29/2019 18:33
HE819VSG2L,5/20/2021 20:07
HEPC02L6HRL,11/27/2019 8:57
HE1QL84M2L,8/10/2021 15:21
HE7DQ0NH2L,4/2/2021 12:48
HEMJ02XKDKD,5/18/2018 22:48
HEPC02L6KHL,5/19/2018 18:36
HEMJ03B8N2K,6/6/2019 17:08
HEMJ02QPPTD,7/3/2019 22:01
HE5LTSA42268L,6/27/2019 16:56
HE8WJLTT2,10/30/2020 14:22
HE9R0VQN2L,9/13/2021 20:31
HEMJ056EJ7D,5/17/2019 12:33
HE7V4N3M2L,5/20/2021 17:30
HEPC03Z28AL,7/30/2018 15:13
HEGKX63Y2D,5/18/2021 5:49
HEPC02UYCPL,7/6/2020 14:53
HEPF00B7NGL,4/27/2018 14:19
HERC739S0409L,8/28/2017 17:38
HEPC06FZ98L,2/19/2018 8:19
HE7RG2N83D,8/27/2021 5:01
HE1Y8H0S2D,9/8/2021 14:02
HE9JFFTG2L,8/5/2020 13:51
HER9039BBML,1/31/2018 19:11
HE1Z1J0S2D,4/6/2021 16:02
HE6ATSA46881L,9/25/2019 15:48
HEPC08DXMEL,4/18/2018 15:59
HE5FTSA08284L,11/17/2017 16:21
HEPC09S6G1L,4/12/2019 20:12
HEMJ01HXUEK,7/11/2017 13:28
HEMG00GECSD,6/18/2019 15:42
HEPC08DW5NL,5/31/2019 22:15
HE6BTSA49995L,7/20/2017 20:49
HE6ATSA47678L,6/18/2019 18:47
HE6JFFTG2L,11/3/2020 15:23
HEPC053C68L,6/18/2019 19:44
HE6BTSA48560L,8/23/2019 0:40
HEMG007QZ4D,8/25/2017 21:11
HE6ATSA46793L,2/28/2020 12:44
HEPC056TR2L,8/24/2018 20:04
HE7YDPSG2L,7/11/2021 21:56
HEMJ02XKDAD,5/18/2018 23:54
HE5ITSA23473L,1/2/2018 21:34
HEPC04JZMZL,8/10/2018 14:46
HEMG00GK99D,5/1/2019 20:22
HEPC06KSAZL,6/6/2019 17:42
HEMJ025B34D,4/15/2019 12:46
HEMG00GK95D,6/13/2018 17:59
HE7ATSA94386L,3/21/2018 6:01
HE348HTG2L,6/8/2021 19:19
HE5LTSA42060L,7/17/2019 19:07
HEMJ025GUVD,10/22/2018 14:20
HEPC06RN5LL,1/30/2019 18:04
HEJ3YMG92L,7/30/2021 12:53
HEBFMYPH2L,7/27/2020 14:54
HE1ZW4Q73L,7/26/2021 14:42
HEMJ03FMV7D,7/24/2017 10:19
HEHK73FW2D,7/13/2019 12:39
HEMJ03FMS1D,4/17/2019 17:41
HE6CTSA53595L,3/15/2019 14:35
HERC539S0282L,6/19/2018 17:54
HE8KLWQN2L,3/31/2021 15:48
HE5HTSA18166L,9/8/2017 19:54
HE6ATSA47922L,10/15/2018 18:28
HE49F58N2D,4/23/2021 13:12
HEPC06RN56L,6/20/2019 21:10
HEMJ02XK96D,5/20/2018 0:42
HEMXL4132KHZD,7/19/2019 19:42
HE2LPYPH2L,5/28/2021 18:16
HEMP06KKD6L,4/2/2018 21:30
HER90BPXBML,2/15/2017 16:28
HEPC09S6G6L,6/20/2017 21:52
HE4LTSA75796L,7/20/2018 13:49
HEMG00HALVD,4/24/2019 15:27
HEC2YT5S2L,8/20/2021 21:05
HEMJ03FMXRD,4/11/2019 14:48
HEMG00GKGED,8/20/2018 15:13
HEPC09S6F0L,7/10/2019 19:46
HEPC08P6RZL,12/17/2018 14:08
HE49J5QH2L,7/31/2019 15:13
HEPC0FRKRPL,11/30/2018 20:01
HEPC02CNQML,12/18/2018 20:49
HEPC06T5PEL,12/29/2017 13:24
HE6ETSA63049L,7/12/2019 19:26
HE438HTG2L,8/27/2020 13:57
HEPC08DWF9L,6/7/2019 17:40
HE1YRJ0S2D,7/17/2021 21:47
HE4FFJ5S2L,8/11/2021 20:39
HE699D8R2D,3/16/2021 11:33
HEMJ03EFFZK,5/3/2019 15:00
HE4LTSA75499L,1/30/2018 0:55
HEG89BRV2L,9/3/2021 11:58
HE2VQDTG2L,4/7/2021 13:02
HEMJ03FNBKD,6/17/2019 11:45
HEPC02L6J5L,6/13/2018 13:54
HEMG00JQJUD,1/10/2019 23:18
HECNU31198JBL,4/10/2019 1:51
HEMJ04WRVWK,10/31/2018 14:34
HEMJ02XKURD,9/5/2018 16:35
HEMG00D8VPD,8/3/2017 15:59
HEJ6NNTG2L,7/21/2021 20:33
HEMJ039C6TK,5/19/2018 22:16
HESR90HEDHGL,2/20/2017 17:46
HEMJ033A9QD,6/19/2019 18:59
HEPC06T5N1L,2/9/2020 15:28
HE6ATSA47038L,4/17/2019 19:07
HEPC02CQ20L,6/3/2019 14:54
HEB4947D3L,6/4/2021 16:36
HEPC0CPD2XL,4/25/2019 17:45
HER90BKDNHL,12/19/2018 17:25
HE6BTSA51364L,8/27/2019 14:06
HE7GYWSG2L,4/17/2021 11:53
HEMXL2032DRFK,11/20/2017 23:26
HEPC06FZAGL,10/9/2018 12:52
HE6NT3GQ2D,3/18/2021 11:57
HER90AP1RZL,10/16/2018 3:49
HEPC0FL6R8L,10/2/2018 11:08
HE1YYH0S2D,4/15/2021 13:39
HE2UA3050P0TD,9/17/2018 14:29
HEPC09S6EDL,3/10/2018 0:31
HE7BTSA95958L,6/14/2018 14:31
HEPC08DW6ML,10/8/2020 16:19
HEPC0FDVW1L,12/28/2018 15:06
HEPC0CPCTEL,4/16/2019 20:59
HE6BTSA51448L,9/9/2019 17:18
HE38X5TG2L,8/26/2021 3:33
HEPC02CNQQL,2/5/2019 15:55
HEPC02CNPDL,12/17/2018 20:07
HEPC09S6FVL,2/26/2018 20:24
HE4WDFJR2L,7/7/2021 17:27
HEPC0FLJA2L,3/12/2018 14:30
HEB316QH2L,7/29/2021 12:11
HEMJ03SHWCD,9/24/2019 18:34
HEMJ037GKQD,6/20/2019 19:27
HEH2VMCV2D,9/14/2021 18:43
HEFNXX5H2L,4/18/2019 18:52
HEPC0FLEQVL,6/5/2019 20:02
HEMG008CD7D,6/1/2018 19:05
HE9BTTC14791L,5/3/2021 13:10
HHEMJ02XKB0D,9/5/2018 16:33
HEMJ025B1KD,6/22/2018 11:54
HEMJ02WQRMK,7/26/2019 19:26
HEMJ02XKF7D,7/3/2019 18:48
HEGV5DVT2L,6/23/2020 6:03
HEPC08DW5WL,5/31/2019 18:37
HEPC09SEPXL,3/29/2019 15:24
HEMJ0339X0D,7/2/2019 15:10
HEPC02L6JGL,9/3/2019 21:46
HEMJ03FNE8D,6/21/2019 17:09
HE9BTTC14771L,3/13/2019 16:44
HE5LTSA42197L,7/27/2019 19:15
HE5HQS0S2D,5/3/2021 12:40
HE629VSG2L,4/21/2021 16:41
HEPC053C4KL,2/4/2019 18:46
HEPC08ERXBL,5/18/2018 22:28
HER90GRN84L,1/31/2019 21:15
HED7D24M2L,4/13/2021 16:42
HEMP06HPNEL,12/20/2017 23:05
HE1BQP5S2L,7/14/2021 21:30
HEMJ043KF1D,9/27/2019 23:51
HECNU251CS94L,3/25/2019 21:13
HEMXL209160TK,11/2/2018 20:52
HE9FHKZM2L,5/19/2021 19:37
HER90ANKH7L,12/17/2018 16:24
HEMJ030PBLK,6/26/2019 21:26
HEMG00GKJQD,6/11/2019 16:55
HEPC0FL7GEL,11/9/2018 13:17
HE6W5BTG2L,8/17/2020 12:56
HEPC08DU1PL,10/8/2018 20:04
HECNU335B401L,1/22/2018 21:11
HEPC08P6R8L,4/14/2018 13:27
HEMJ033A9TD,7/1/2019 16:10
HE6BV2RN2L,9/9/2021 13:03
HE2322484557L,5/26/2021 13:18
HEMG00HAU0D,6/28/2019 14:48
HEPC00MGCQL,4/28/2018 15:25
HE4LTSA75445L,6/14/2019 16:28
HEPC09S69CL,7/8/2017 4:14
HEPC0CPD2FL,2/22/2019 13:38
HEPC08ERZ7L,5/31/2018 23:11
HEPC053C47L,9/7/2017 12:31
HEMJ0339SVD,5/13/2019 12:34
HEMJ03Z2F0K,4/24/2017 16:36
HECND4132N0NL,12/17/2018 20:56
HEMJ03SHZ1D,4/18/2017 13:51
HEMJ02XKPED,5/20/2018 0:43
HECNU2201WH8L,3/14/2018 18:00
HEMJ03FN5PD,5/11/2019 20:45
TST-IS-CVM07,2/6/2020 3:42
HEMJ01X9UYD,9/23/2019 15:29
HEMG00JQ5ED,1/14/2019 22:35
HE1YWK0S2D,7/7/2020 0:01
HEPC03Z26KL,10/15/2018 22:12
HEPC02L8MCL,1/31/2019 18:04
HEPC0FLES8L,6/5/2019 15:53
HEMJ0354DWK,2/2/2018 14:30
HEPC08ERYTL,5/10/2020 0:07
HER90C3Y1XL,4/13/2018 15:42
HEBHT4L33L,3/1/2021 18:53
HE4LTSA74936L,5/14/2020 14:14
HE5HTSA18414L,12/7/2018 21:03
HEMJ043KF0D,9/27/2019 15:30
HE531CNQ2L,7/21/2021 15:42
HEPC04JZN6L,7/11/2019 16:54
HEMJ02QPQFD,8/8/2019 14:04
HE29RBZM2L,7/2/2021 23:33
HEMJ03FMRSD,4/11/2019 14:00
HE6ATSA47055L,10/30/2017 18:52
HE5JTSA32142L,8/11/2021 12:47
HE58X5TG2L,4/8/2021 17:19
HE6FTSA68492L,7/18/2018 18:13
HE6ETSA62987L,12/26/2018 22:48
HE48YV5S2L,6/2/2021 20:40
HEMXL2100Y39D,1/4/2018 15:30
HEPC06T5N4L,6/14/2019 20:24
HE41CHCP2D,7/14/2021 20:08
HEMJ02XJ77K,7/19/2019 12:27
HED8JTDW2D,8/29/2021 19:24
HEPC056TPXL,8/29/2018 5:13
HECNU1513YNML,4/20/2018 9:21
HER90L0047L,9/3/2018 7:18
HE5JTSA31779L,6/25/2019 8:00
HEPC08P6TGL,9/24/2018 21:32
HEPC0FL7GNL,2/1/2019 17:43
HEMJ025B2YD,3/8/2019 18:03
HE4LTSA75855L,9/5/2019 19:56
HEMJ02XK8UD,5/19/2018 18:41
HEPC0FTA8WD,3/9/2020 18:06
HEHJKCYX2L,7/27/2021 22:12
HEMJ0339TSD,2/12/2019 17:19
HED01SSG2L,5/27/2021 17:14
HEGTQDTG2L,4/16/2021 18:45
HE5LTSA41881L,10/15/2018 19:34
HEMG00HAMJD,7/17/2018 12:59
HEMJ03SE94D,8/14/2019 14:12
HE4LTSA75768L,4/9/2019 18:23
HEPC0CTRAQL,5/24/2017 17:09
HEPC09S6E5L,6/4/2019 20:44
HEPC02CNQNL,10/20/2017 20:25
HEPC04JZM6L,7/22/2019 21:53
HEPC0H0JV5L,5/15/2019 21:13
HE7CTSA99413L,10/17/2019 18:25
HEMG00GKG1D,7/3/2019 21:14
HEPC06T5NJL,5/7/2019 10:52
HE6ATSA47057L,9/8/2018 15:41
HEPC09S6G4L,5/7/2019 15:53
HE6Q7BTG2L,9/15/2021 18:29
HER90BKDNKL,12/18/2018 17:12
HE47J5QH2L,5/4/2021 16:00
HEMG00HAUGD,10/4/2019 11:41
HEMXL4281PWGK,9/19/2018 13:31
HEMJ0339VCD,4/17/2019 18:51
HEMJ030PBUK,6/17/2019 13:13
HE7ATSA94597L,7/16/2018 19:42
HE6ATSA46644L,9/12/2017 15:19
HE5JTSA32216L,5/10/2017 19:55
HEPC0FRM09L,2/22/2019 13:17
HEPC0DC322L,7/5/2018 15:15
HEFR9PSG2L1,5/11/2021 13:45
HEPC08DTYCL,6/11/2019 23:46
HEMJ021BYMD,4/4/2019 17:30
HEPC08DU2NL,6/19/2019 13:01
HEBMFDVP2L,8/24/2021 16:13
HEMG00JQ4HD,1/25/2019 18:49
HEPC09SEPKL,4/27/2018 13:49
HEMJ02GX12K,6/27/2019 17:31
HEPC08DXM2L,4/2/2018 17:27
HEMG00JQ48D,3/30/2018 22:04
HE5CG4382F5LL,9/13/2019 13:04
HE3XN3JV2D,3/25/2021 15:26
HEC310TG2L,8/19/2021 4:13
HE9HQV7X2D,3/11/2020 13:07
HEMJ02XK90D,6/27/2019 23:44
HEHQBJVP2L,5/30/2021 1:22
HEMJ02WQZUK,7/15/2019 23:50
HECND423H7YLL,12/26/2020 19:09
HEMG00GKKMD,6/7/2019 12:38
HEGJV63Y2D,10/31/2019 10:41
HERD539S0858L,9/11/2020 20:07
HEMJ03RK39D,1/25/2018 1:09
HECNU2062GZVL,3/26/2020 10:11
HEMG00HATYD,6/18/2019 15:58
HE6ATSA45905L,7/9/2021 11:22
HEPC060ZWBL,4/8/2019 14:50
HE6FTSA69994L,12/11/2018 14:29
HE6ATSA46992L,7/25/2019 21:24
HEMJ033A4CD,7/8/2019 16:42
HEMJ02GUDSK,9/9/2019 20:34
HE368SMQ2L,7/19/2021 16:08
HEPC09SEP2L,11/14/2019 1:09
HEMJ03B8N8K,3/21/2019 20:27
HEPC08DU0KL,9/2/2019 17:54
HE8KLN7Y2L,6/16/2021 18:59
HEMJ033A7RD,5/1/2019 14:11
HECNU1513Z9GL,10/11/2018 21:00
HE2UA3081HKKD,12/18/2018 14:37
HE6ETSA64456L,8/24/2017 20:21
HE838HTG2L,4/2/2020 19:29
HEPC08DWADL,4/27/2018 14:33
HEMG00GKHFD,9/26/2019 14:55
HEPC08DXKUL,6/4/2018 22:00
HEPC06KSALL,6/23/2017 15:15
HE5HTSA18412L,6/14/2019 19:23
HEMJ03FNBMD,4/11/2019 12:57
HEMJ01G97QK,8/12/2019 20:21
HED7FLNF2L,4/9/2021 19:33
HEMG00HAP0D,6/22/2017 19:30
HE5LTSA42164L,8/5/2019 15:32
HEPC02CNQEL,2/21/2019 15:48
SIGNATURE71Z72,3/31/2021 19:56
HE7ATSA94436L,7/12/2019 15:11
HEPC03Z26JL,2/19/2018 7:05
HEPC09SBELL,12/17/2018 20:45
HEMJ03FN40D,6/21/2019 17:35
HEPC0FRM04L,5/29/2019 15:10
HE9BTTC14782L,6/24/2021 19:49
HE5HTSA18449L,7/8/2019 16:00
HER90207VML,8/23/2018 14:14
HE5LTSA41934L,6/7/2019 17:34
HER90BKDP3L,1/29/2018 22:08
HEPC09S6GKL,7/9/2019 14:19
HEMJ0339UZD,6/10/2019 14:13
SIGNATURE7VSM2,11/18/2019 12:05
HEMJ03FMVYD,6/17/2019 15:32
HEPC06T5QSL,6/5/2019 13:17
HEREA39S1309L,11/12/2018 20:22
HE6FTSA71086L,12/1/2017 20:29
HEMJ03FN6VD,7/12/2019 17:58
HE7PP5QH2L,4/1/2021 22:43
HEMJ02GX1DK,5/23/2019 14:47
HEPC08P6T0L,2/8/2018 12:53
HEMJ02XKE8D,6/6/2019 16:35
HE5JTSA31914L,7/5/2017 16:24
HE5FTSA07743L,7/22/2018 22:34
HEMG00JQ4KD,9/25/2019 18:32
HE5CG44426CTL,9/29/2017 20:24
HEPC08DW6UL,5/31/2018 22:19
HE6BTSA49511L,4/19/2019 15:28
HEMJ030PBTK,7/19/2019 12:54
HEMJ048MJ7K,9/12/2018 20:47
HEPC08ERXZL,8/24/2018 22:12
HEMJ01TV3TK,6/15/2018 13:51
HECNU315C4SHL,12/13/2018 12:58
HE6CVXGH2L,4/20/2021 2:48
HEMJ02Y2AYD,7/9/2019 12:57
HEMJ01X9V9D,12/14/2018 15:36
HEMJ033A0ZD,6/26/2019 17:11
HEMJ039C6VK,6/27/2019 15:38
HEPC09S6HML,12/19/2018 13:36
HE537VSG2L,8/24/2021 21:20
HE4924TG2L,8/31/2021 15:20
HEMG00JQ3GD,6/26/2019 23:01
HEGG5V0M2D,5/29/2021 11:12
HEMJ04UK1SD,6/13/2019 19:09
HEPC02CNPUL,12/18/2018 15:32
HE6BTSA51177L,7/31/2019 13:23
HEMJ02XKBVD,9/5/2018 16:07
HEMJ03SHX8D,2/6/2019 14:47
HEPC0FL7EPL,6/13/2019 19:40
HEPC03LFQLL,7/24/2018 15:39
HE5LTSA41950L,4/9/2019 11:39
HEHW1YSG2L,5/5/2021 14:00
HEMJ030PBNK,6/19/2019 19:02
HEPC08DU2PL,5/20/2018 23:08
HEPC0FLHSUL,3/23/2019 6:34
HEPC08DXLWL,2/20/2019 16:12
HEMJ03FN4KD,9/13/2018 15:38
HEPC02CNQ6L,4/24/2017 15:09
HE5JTSA32219L,8/17/2017 21:26
HEMJ033A32D,5/8/2019 16:19
HE9LZJ5S2L,9/7/2021 20:59
HER901CXEAL,2/22/2019 22:17
HEMJ02XK8QD,5/20/2018 0:44
HEMJ03FMCGD,6/12/2019 18:36
HE8S1V7X2D,4/1/2021 21:38
HEMJ0339V7D,5/13/2019 15:36
HEMG00GKKPD1,6/13/2019 13:29
HEMG00HATUD,12/6/2018 19:17
HEMJ02XKC6D,5/17/2018 22:35
HEPC0FLBPSL,11/29/2018 18:55
HE6DTSA59900L,7/31/2019 19:05
HE8NKKRV2L,8/12/2021 13:23
HEMJ0339SAD,8/14/2019 14:29
DESKTOP-R2D90CL,8/5/2019 14:33
HEPC08VTVTL,5/4/2018 14:21
HEJVQR8S2L,1/10/2020 16:30
HEPC06T5PNL,6/11/2018 21:03
HEDG3W5S2L,8/11/2020 20:18
HEMJ02XKECD,6/9/2017 22:11
HEPC08VTWDL,5/4/2018 20:01
HE3FMYPH2L,5/20/2021 20:58
HE6ATSA47876L,1/25/2018 16:38
HEPC02KJR3L,6/15/2018 13:38
HEMJ033A1TD,7/1/2019 15:49
HEMJ02WQRFK,7/18/2019 21:37
HECNU2062F4GL,1/11/2019 21:35
HEMJ02XKBAD,7/11/2019 18:29
HEPC08DXKCL,5/10/2018 19:32
HER9039B5XL,5/17/2018 20:32
SIGNATURE03219,5/26/2017 20:09
HEMJ03FN46D,4/13/2018 11:25
HEMG00D8U0D,3/6/2018 13:09
HEPC08DW60L,9/28/2018 18:51
HEPC09S6EBL,4/15/2019 23:55
HEMJ02XKCCD,5/18/2018 20:49
HE6ATSA46929L,3/12/2020 5:52
HEMJ030PBAK,10/4/2019 20:21
HEMJ025GUKD,6/28/2019 17:55
HE778QSG2L,11/6/2020 21:56
HEPC0FLBTJL,4/11/2019 16:20
HE6DTSA60343L,6/27/2019 20:16
HEMJ02GX1HK,2/9/2018 14:09
HEMJ031E851K,4/17/2019 15:01
HEJNSZ6S2L,8/7/2020 5:08
HEMJ0339TJD,6/4/2019 19:33
HEPC0DT527L,3/27/2018 13:26
HEPC08VTT6L,11/2/2018 11:40
HE7BTSA95987L,10/30/2018 21:18
HE8266L33L,7/23/2021 15:38
HEMG00GKKHD,6/12/2019 14:32
HEPC02W5CQL,6/14/2018 23:10
HEMJ02XKBCD,5/18/2018 23:54
HEMJ030PBQK,10/15/2018 10:05
HEPC08URCQL,4/17/2019 14:26
HEPC08ERSVL,7/22/2019 18:23
HEMJ030PC5K,5/31/2018 21:36
HEMJ02XKCZD,3/5/2018 16:24
HE26JHXT2L,3/21/2021 18:23
HEPC056TNQL,4/17/2019 18:24
HE5LTSA41262L,8/3/2021 0:46
HE6WL5QH2L,6/17/2021 18:39
HE1YSF0S2D,8/29/2021 20:59
HEMJ03FN3ZD,6/6/2018 16:27
HEPC02UYCJL,5/4/2018 14:42
HE4TCRHV2D,8/16/2021 13:14
HEGN4G7Y2L,4/1/2021 22:11
HE5FTSA08290L,5/21/2018 15:37
HEMJ01Q5Q5K,6/15/2018 15:24
VT-ADMIN01,9/30/2020 21:32
HEMJ03FMDSD,7/3/2019 16:28
HE5LTSA41937L,8/24/2017 1:54
HEG8Q1QQ2L,6/22/2021 19:41
HE6DTSA60578L,2/26/2018 20:30
HEMJ03B8N0K,6/3/2019 16:35
HEMG00HAR9D,7/12/2018 18:36
HE6ATSA45930L,5/5/2020 15:20
HEMG00GKH0D,9/24/2019 17:44
DELL7400-AATEST,11/18/2020 22:43
HEMJ030PC4K,11/16/2017 21:10
HEPC05H4ADL,5/21/2018 21:06
HEMJ033A0MD,4/9/2019 19:02
HEFFL47P2D,4/8/2021 18:55
HEPC06T5QTL,9/5/2019 17:12
HEMXL2121PS3D,2/3/2019 21:01
HEMG00HALUD,4/5/2019 12:13
HEPC056ST7L,7/23/2018 22:00
HEMG00GKGRD,12/17/2019 16:45
HEB5ZGCS2D,7/19/2021 21:46
HE6ATSA47110L,1/10/2019 23:48
HEMJ03FN0ED,5/9/2017 17:51
HEFVNYVT2L,5/26/2021 20:46
HEPC06KSADL,9/30/2019 10:28
HEMJ03EFFPK,5/3/2019 18:01
HEPC09S67SL,10/12/2018 11:54
HEPC09SEPHL,8/27/2020 5:36
HEPC08DXLKL,3/1/2018 0:30
HEPC08VTTVL,2/20/2018 13:27
HE4LTSA75947L,9/10/2019 3:32
HE5HTSA18392L,1/17/2019 21:08
HEMG00A4CQD,12/7/2018 20:20
HEMG00H3M3D,12/18/2018 14:02
HE5HTSA18396L,8/1/2019 15:08
HEMJ033A5FD,7/1/2019 12:44
HEPC08DU2KL,3/30/2019 14:22
HEMJ02XKBFD,5/18/2018 20:35
HE4DMHXT2L,3/23/2021 3:32
HEPC06FZ72L,6/13/2019 14:06
HEPC06KS9CL,2/22/2019 14:56
HEPC06T749L,8/29/2019 14:51
HEMJ03FN3LD,8/8/2019 18:01
HEFWQDTG2L,6/18/2021 20:00
HECNU2062F6JL,3/4/2019 17:47
HEPC06R55SL,7/19/2017 16:57
HE9HMYPH2L,4/22/2021 19:44
HEMJ03FN3XD,6/24/2019 14:56
HECV69TG2L,4/19/2021 12:50
HEB08HTG2L,7/22/2021 19:38
HE5LTSA42089L,9/13/2019 13:02
HEMG00HAP2D,9/25/2019 17:38
HE1RHB733L,6/26/2021 4:57
HEPC06T5P4L,7/2/2019 21:27
HEMP06Q3EWL,4/4/2019 23:02
HE7ATSA94072L,6/5/2017 20:35
HER901CXFXL,8/28/2018 15:42
HEMG00JQ8MD,5/15/2019 10:56
HEPC08ERXXL,5/18/2018 21:34
HEMJ0339X8D,6/10/2019 21:57
TST-IS-CVM08,2/6/2020 3:42
HED28HTG2L,7/8/2021 16:29
HEMG00H4J3D,10/31/2017 18:51
HE5CG44428MPL,2/20/2019 18:44
HER9039ARTL,2/24/2018 19:18
HEMG00HAU2D,6/24/2019 22:56
HE6ATSA45665L,12/18/2017 12:45
HEMJ02Y2AC1D,6/18/2019 18:22
HE40XGTG2L,3/27/2021 16:14
HEPC0FRJXCL,6/12/2019 20:56
HEMJ03FNA8D,7/5/2019 18:50
HEMXL31806YLK,9/4/2018 21:52
HEPC0BHYZLL,3/1/2019 18:32
HE6FTSA71067L,11/16/2017 18:38
HE558BTG2L,6/25/2021 20:11
HE9B1QM93D,4/22/2021 21:39
HEPC08ERXTL,5/23/2018 23:36
HEMG00HAT8D,6/26/2019 21:49
HE6ATSA45905L,7/23/2018 0:18
HEMG00JQ67D,7/13/2017 17:02
HEMJ02XKRND,9/5/2018 19:07
HEGL0WPX2D,7/23/2021 14:07
HEMJ03RK4AD,6/1/2018 20:12
HECNU251CS89L,3/4/2019 17:38
HEMJ02XKAMD,5/18/2018 14:07
HEPC06KS92L,7/24/2018 21:50
HEPC03VP00L,9/13/2017 18:14
HE5PTFSN2L,9/9/2021 20:32
HE6ATSA47533L,3/15/2018 21:14
HEPC08VTU6L,6/20/2019 13:38
HEPC02KGWEL,8/16/2018 21:23
HEMJ02XKB6D,5/20/2018 0:43
HEPC06FZ8FL,5/22/2017 20:42
HEMG00GKKND,8/28/2017 12:58
HER90F9MTGL,4/12/2018 16:42
HE4LTSA75371L,3/1/2019 16:11
HEJHSFYX2L,7/12/2021 20:48
HEMJ02XKDFD,5/20/2018 0:41
HEPC0090HFL,2/28/2018 17:34
HEPC0363QFL,3/13/2019 19:23
HEMG00JQ8TD,1/9/2019 0:35
HEPC056TNZL,12/31/2018 23:22
HE2UA2100L3BD,8/23/2017 21:22
HEPC041CN5L,5/17/2019 21:00
HEMJ03FN25SD,7/11/2017 14:10
HEJ48HTG2L,7/31/2021 19:56
HECNU404C57CL,4/11/2019 14:58
HEPC02DAE7L,12/17/2018 19:45
HEPC08DW6GL,6/13/2019 13:22
HEMJ0339QYD,4/30/2019 16:13
HEPC08VTUUL,6/20/2019 14:21
HEPC053C3JL,6/4/2018 16:43
HE6ATSA46532L,3/9/2018 13:18
HEMG00HAN7D,8/8/2019 14:52
HEPC0FRKRCL,10/6/2018 12:53
HEMJ031E86K,12/12/2017 13:36
HE3Z9GP73L,12/8/2020 19:30
HEJL0HTG2L,7/12/2021 23:26
HEPC053C4JL,5/15/2019 21:36
HE5JTSA31833L,2/19/2019 20:15
HEPC0361R2L,11/16/2018 15:56
HE6ATSA46702L,11/28/2017 15:19
HEGKZTPX2D,6/9/2020 16:45
HE5JTSA31889L,8/5/2019 18:24
HEPC08VTUKL,4/17/2018 14:00
HECCS0SQ2L,8/11/2021 0:53
HEMJ033A6MD,5/1/2019 13:46
HECNU404C5801L,7/25/2019 17:54
HEHPRYPH2L,7/20/2020 16:55
HEMJ03FMY3D,4/30/2018 20:13
HEPC04JZM9L,6/4/2018 19:01
HE7GB4TG2L,3/25/2021 16:21
HEMG00GK82D,10/1/2018 18:19
HEPC06KS9NL,6/5/2017 19:42
HEMJ030PBKK,5/18/2018 16:37
HE8S7X7X2D,3/24/2021 20:57
HEPC08DWAKL,5/24/2018 16:50
HEMJ02XKRMD,5/1/2019 14:54
HE8X4G7Y2L,7/9/2021 17:35
HE6ATSA47083L,3/12/2019 18:38
HEPC08DXM3L,6/4/2018 18:56
HEPC02KGWZL,12/17/2018 19:58
HE2UA3420XX0D,4/17/2019 16:38
HEMJ02XKFQD,6/13/2019 13:09
HEPC09S6CJL,12/21/2017 20:09
HE6DTSA60465L,8/8/2019 20:14
HER90FUY9AL,8/4/2017 17:46
HEMJ0339WCD,9/24/2019 18:13
HEJ4Y0FX2D,5/13/2021 15:04
HE6ATSA45708L,5/19/2020 17:53
HEPC0361QWL,3/14/2018 12:46
HEMJ01Q5Q9K,6/19/2018 15:41
HEPC0HXUVHL,7/13/2018 20:33
HE198DNH2L,8/26/2021 17:10
HEPC06T5W7L,8/19/2019 14:51
HEPC08DXHVL,6/21/2018 15:36
RJH-8DMYPH2,7/31/2020 18:22
HEMJ03F7G2D,6/20/2019 20:11
HEPC08VTW4L,6/21/2019 17:58
SIGNATURE004403,3/31/2021 22:02
HEPC08ERYUL,12/12/2019 14:26
HER90BPX8GL,9/12/2018 19:35
HEPC0FL7FEL,12/19/2018 17:26
HEMJ0354E2K,12/27/2017 13:39
HER90BKDNWL,1/28/2019 18:00
HEPC0CPCTDL,7/1/2019 14:11
HEPC0DE107L,1/26/2018 17:30
HEPC08DW77L,9/6/2017 21:56
HEMG00GEF6D,6/28/2019 16:26
HEPC0FDV36L,6/21/2018 15:45
HECNU1513YN7L,8/7/2018 14:45
HEPC08ERY4L,9/5/2018 15:34
HE6ATSA47170L,5/1/2019 16:42
HEMJ03FMWXD,6/13/2019 12:23
HE6CTSA53697L,12/9/2019 19:57
HEPC02L8M6L,12/17/2018 15:18
HEPC08DWB7L,11/16/2018 15:57
HEPC053C5BL,6/7/2019 19:28
HED8JMDW2D,8/29/2021 19:24
HEMJ0354E8K,1/9/2019 22:41
HE6FTSA68565L,5/8/2018 22:57
SIGNATURS61M2,7/29/2019 19:54
HEPC08URDCL,7/3/2019 15:21
HEMJ03B8N6K,6/26/2019 23:41
HEGDQ0NH2L,6/10/2020 12:24
HEJNSZ6S2L,7/11/2019 13:22
HE1YLD0S2D,8/12/2021 15:25
HE7K8NLQ2L,4/14/2021 20:49
HEMJ037GK9D,8/22/2019 18:38
HEMJ02XKPMD,5/18/2018 20:48
HECMTFSN2L,5/3/2021 16:48
HEGL0QPX2D,10/2/2020 17:35
HEMJ03F6WTD,6/19/2019 12:13
HE5HTSA18159L,7/24/2018 18:00
HEPC09S6EEL,5/17/2017 14:35
HEMG00FU7AD,6/21/2019 16:35
HEPC056TR9L,11/9/2017 16:52
HE30W2YM2D,9/5/2021 19:58
HE7CTSA99347L,1/10/2018 17:30
HEGJRVPX2D,4/15/2021 20:00
HEPC02CNDAL,6/8/2018 18:26
HEPC06T5NQL,10/15/2018 15:00
HEMJ030PBCK,7/18/2019 21:15
HEMJ0339QVD,5/1/2019 15:15
HEFHPYPH2L,12/14/2019 8:17
HEPC0DLJ80L,9/14/2018 18:29
HEPC08DXK3L,11/7/2018 22:40
HEPC053C5NL,9/5/2019 18:11
HER90BKDN9L,12/18/2018 19:07
HEMG00GKBR1D,4/11/2019 14:24
HEJ28BTG2L,4/15/2021 20:54
HEMG00HAU1D,9/4/2018 19:53
HEMJ02XKBYD,9/12/2018 16:48
HEMXL209161ZK,11/28/2017 15:55
HEMJ03FMP8D,6/17/2019 14:40
HEPC08UREBL,2/16/2020 0:31
HEMG00HAN3D,6/24/2019 16:28
HEMG00GK9QD,10/31/2018 20:57
HEMP06NNSHL,12/18/2018 21:00
HE7ATSA94583L,4/11/2019 13:04
HE6TDGWT2L,9/8/2021 17:55
HEMJ01G97NK,5/28/2019 14:35
HE6ATSA48001L,2/28/2018 22:25
HE5JTSA32120L,11/8/2017 21:37
HEFX2X5H2L,6/16/2018 16:44
HE6ETSA64992L,7/30/2019 12:39
HEMJ030PBVK,5/19/2018 17:17
HE6BTSA49843L,10/24/2019 13:08
HEPC08P6TKL,6/17/2019 14:22
HEPC09S6DPL,11/16/2018 13:16
HE6ATSA45987L,12/1/2017 22:07
HECND44156VML,12/4/2018 6:23
HE5CB2421DKFL,10/3/2018 15:59
HE5HTSA18192L,4/2/2019 12:36
HEPC02CNQ6L,3/9/2017 22:57
HE115Z1F3L,8/9/2021 23:04
HEMP06KHG2L,1/28/2019 20:55
HEMJ04PZK8D,9/25/2019 16:09
HEJ0XGTG2L,7/29/2020 20:29
HEPC02CNQ1L,12/21/2018 14:51
HEPC056TR1L,5/16/2019 18:35
HEPC09S6G0L,7/28/2018 11:35
HEMG00GKKVD,5/3/2018 15:24
HEMJ03FMPQD,9/27/2019 18:49
HEPC06KS89L,7/27/2018 15:41
HEPC08DW7BL,9/17/2019 18:36
HEPC0FLBQ1L,6/13/2019 12:31
HEMJ0339WDD,5/31/2019 18:31
HER901CXEEL,10/3/2018 23:24
HE5JTSA31801L,4/25/2019 15:00
HEPC02CNR0L,12/18/2018 18:08
HEPC041CMPL,6/7/2019 13:52
HE9XGRSG2L,9/8/2021 17:30
HE5JTSA31866L,12/19/2019 15:41
HE6DTSA59942L,12/5/2019 17:00
HE482H7Y2L,4/10/2021 0:19
HER90KZZUVL,8/27/2018 15:54
HEMJ02WQRDK,7/22/2019 11:44
HEPC06FZAEL,10/17/2018 15:30
HEPC08DTYUL,10/17/2018 16:54
HEMJ01Q5QDK,6/15/2018 14:49
HEPC001DYC2L,10/17/2018 23:28
HEPC0FDV3FL,8/10/2018 5:13
HEB5YGCS2D,4/23/2021 17:02
HEPC09S6E2L,4/30/2019 1:43
HE5LTSA42196L,10/15/2019 16:21
HEPC08DTZXL,2/10/2020 23:31
HEMJ03FN0TD,7/3/2019 19:41
HEMJ01FMJ8K,4/27/2018 15:08
HEMJ033A8DD,5/17/2017 20:59
HEMJ030PBBK,6/13/2019 14:38
HE5FTSA08254L,5/16/2020 10:50
HE6HTSA78547L,7/10/2018 13:36
HEPC056TPRL,11/8/2018 21:40
HEMJ01Q5QBK,8/17/2018 16:58
HEMJ03FMVDD,6/13/2019 11:34
HEMG00HAMKD,6/5/2019 16:20
HER90C3Y2DL,12/1/2019 3:12
HE5M0HTG2L,6/10/2021 20:07
HEMJ033A59D,11/12/2019 21:05
HEMG00HARWD,12/10/2018 16:36
HEMJ04USAUK,7/13/2019 12:39
HEPC06T5Q2L,9/20/2019 18:38
HE448RDW2D,7/7/2021 14:00
HEPC0FL7DWL,6/17/2020 6:56
HE4LLN7Y2L,2/3/2021 14:04
HE5JTSA32114L,11/6/2017 19:46
HEPC08P6T2L,4/24/2019 19:06
HEPC06X1VNL,7/5/2019 20:23
HE5LTSA42186L,10/17/2019 14:37
SIGNATUREL31M2,9/19/2019 14:21
HEC4NXPV2L,11/2/2019 0:33
HEPC06FZ78L,7/3/2019 20:52
HE1MMNRQ2L,8/17/2021 11:37
HEMJ02XKB8D,7/11/2019 14:02
HEMJ025B69D,4/2/2018 12:27
HEPC09S6FRL,7/3/2019 20:55
HE21RVYW2L,4/6/2021 18:51
HEMJ03FNBQD,4/11/2019 14:43
HEGJWSPX2D,8/22/2019 17:59
HEMJ03FMRXD,6/7/2019 11:59
HE4LTSA75422L,2/9/2018 14:24
HE5FTSA08045L,7/23/2018 12:47
HE4T00TG2L,3/26/2021 19:21
HEBFHRVT2L,5/12/2021 16:00
HEPC0FL7CWL,4/17/2019 14:39
HE6ETSA63752L,6/15/2018 13:35
HEPC06T5R0L,12/22/2017 19:21
VT-ADMIN02,9/30/2020 21:32
HE5JTSA32327L,6/17/2019 14:31
HERBC39S04031L,2/4/2019 15:18
HEPC04DFBML,11/16/2018 15:58
HEMG007R0CD,1/11/2018 20:37
HEPC05H6E2L,6/18/2018 16:05
HEMJ033A3ND,9/25/2019 15:51
HEPC04JZLHL,10/9/2018 19:43
HEMJ033A9XD,8/6/2019 12:05
HEMG008CFYD,6/1/2018 19:51
HEMXL209162YK,10/12/2017 21:00
HE1YFM0S2D,8/27/2021 5:02
HE5KTSA38458L,1/13/2020 15:43
HEPC0CRNR4L,4/18/2017 13:44
HEPC0FMDD7L,5/14/2018 14:09
HEPC0CPCJXL,9/3/2019 19:02
HE8X4ZZL2L,6/9/2021 20:05
HEMG00A4CTD,12/18/2018 14:44
HER90BPX7VL,9/7/2018 21:28
HEPC0FDV3HL,10/3/2018 21:23
HEPC0D0REKL,1/21/2019 20:27
HEPC08DTYFL,5/16/2019 16:11
HEMG00HARED,8/24/2018 15:51
HEMJ01X9UWD,4/27/2018 13:23
HEGX1YSG2L,2/4/2019 13:26
HER90KZZXWL,4/6/2018 20:30
HEMJ0339UND,8/20/2018 18:07
HEPC08DXGHL,6/12/2017 15:52
HEPC08URDEL,9/6/2018 15:29
HEJ40R8N2D,5/24/2021 12:26
HEPC08URD7L,7/27/2021 15:15
HEPC0DE1Y9L,11/30/2018 22:13
HE67NFSN2L,4/29/2021 15:56
HEMJ01Q5QCK,6/15/2018 15:16
HEMJ037GKED,7/3/2019 21:45
HEMXL209162LK,3/25/2019 15:52
HEPC0FBLPFL,2/8/2019 17:16
HEPC06KS90L,6/5/2019 18:49
HEMG008CEPD,6/8/2018 20:43
HEJ610TG2L,9/10/2021 15:49
HEPC0361NDL,2/21/2018 21:24
HEMG00D8VND,6/21/2019 12:45
HEPC09SEPWL,4/17/2019 16:10
HEPC06T5QFL,4/15/2019 19:21
HEPC053C2JL,6/6/2019 13:53
HE5LTSA42098L,2/21/2019 11:59
HEPC0EB90PL,2/19/2018 22:53
HEPC08URDTL,4/17/2019 17:01
HEPC06T5PML,1/5/2018 22:41
HEPC0FDV62L,2/27/2019 17:16
HEJ8Z37J2D,6/25/2021 6:00
HEPF00CTPGL,1/8/2020 20:25
HEDM96QH2L,5/10/2021 19:37
HE4LTSA75502L,3/20/2019 18:13
HER90K78C0L-GB,2/28/2018 20:55
HEPC08URCPL,4/17/2019 14:36
HE4LTSA75478L,11/5/2019 13:57
HE5HTSA18158L,4/18/2017 13:44
HEMJ03FN06D,4/11/2019 16:25
HEMG00HANCD,9/25/2019 17:35
HE9BTTC14788L,4/24/2020 13:31
HEGFTCZV2D,6/18/2021 20:08
HEMJ037GK5D,7/3/2019 20:19
HEPC041CPLL,6/12/2019 20:01
HEMJ0354E3K,4/11/2019 16:09
HE1YJJ0S2D,4/19/2021 16:09
HE5HTSA18299L,9/14/2017 15:18
HEDXNCQV2L,9/15/2021 14:08
HEMJ0339V8D,3/15/2019 20:59
HEPC0DT52AL,4/13/2018 16:40
HE5LTSA0397L,1/15/2019 21:32
HE6ATSA47365L,3/21/2019 14:10
HEMXL2100Y4TD,7/3/2018 20:34
HEPC02L6J6L,12/14/2018 15:50
HEMG00GKHMD,8/1/2019 17:00
HE7BTSA95969L,10/5/2017 19:25
HEMJ02XKCBD,5/18/2018 22:24
HEMG00GKC5D,8/1/2019 17:31
HE2NQBDW2D,9/9/2021 19:01
HER90BPXBML,8/18/2017 15:10
HEPC09S6CPL,5/30/2019 21:21
HEMG00GKG9D,7/3/2019 17:33
HEMJ03FMPMD,6/7/2019 13:28
HE1NJF9H2L,8/6/2021 6:43
HECNU404C5CKL,12/19/2018 17:34
HEMJ0339YSD,9/4/2018 14:32
HEPC04JZPFL,10/11/2018 13:22
HEPC09SBGUL,6/6/2019 16:29
HE5JTSA32265L,6/3/2021 15:06
HE6ATSA46026L,5/24/2017 0:43
HEPC08DU14L,8/7/2018 22:04
HE638HTG2L,10/2/2020 3:45
HEMG00JQ3FD,8/2/2021 22:36
HE5W1YSG2L,6/25/2020 13:06
HEMJ03FMGTD,7/24/2018 8:49
HE5JTSA32278L,5/8/2017 11:55
HEG7BY4Y2L,5/25/2021 16:46
HEMJ02WQZS1K,6/25/2019 22:20
HEMJ03FNCAD,4/11/2019 14:52
HEPC08ERXJL,1/2/2019 13:17
HEPC0FLERKL,8/5/2020 11:44
HE258BTG2L,4/14/2021 21:49
HEDKDJSN2L,5/10/2021 21:30
HEPC08DU0VL,11/21/2018 18:42
HE3QK4NV2L,4/19/2021 19:51
HE27MJ5S2L,7/28/2021 19:22
HE5JTSA32140L,7/2/2018 11:30
HEG874TG2L,1/29/2021 23:36
HE5MP95M2L,8/16/2021 20:37
HE7ATSA94393L,12/8/2018 7:37
HE4XFB3M2L,3/17/2021 13:16
HEMJ01X9V8D,9/11/2018 14:43
HEMJ02HKVQK,6/13/2019 15:06
HEMJ0339RFD,2/13/2018 6:01
HEMJ039C6WK,5/18/2018 15:15
HEFF99TG2L,4/6/2021 18:43
HEMJ02XKFJD,5/20/2018 0:42
HEPC0FL7EQL,4/27/2018 17:39
HEPC06KS7GL,12/6/2017 20:20
HER90BPXBZL,4/22/2019 14:57
HE57P46M2L,7/16/2021 21:55
HEPC0363K1L,3/16/2018 16:49
HE4LTSA75262L,4/24/2019 22:40
HECNU304BPGQL,7/24/2018 10:46
HEPC09SEP0L,6/12/2018 21:05
HED2KJGB3L,9/14/2021 18:14
HEDGLCQQ2L,9/11/2019 18:24
HEMJ033A2ND,5/15/2018 16:11
HE5JTSA32256L,4/1/2019 12:42
HE701SSG2L,8/11/2021 17:43
HER901CXE0L,9/7/2018 13:51
HEPC0EMSD6L,4/13/2018 16:20
HEPC08DXK1L,1/25/2018 17:48
HE5KTSA38533L,2/24/2021 21:04
HEMJ033A8ED,6/21/2019 19:18
HEMJ02XKB4D,6/18/2019 17:04
HEPC08DW5VL,6/7/2019 16:42
HE5JTSA31838L,3/27/2021 10:38
HEMJ02XKF9D,7/3/2019 17:02
HEPC04JZM0L,2/12/2021 23:25
HEPC08ERYZL,2/14/2020 19:11
HECNU31198HGL,11/27/2017 21:21
HE6D6HTT2L,4/1/2021 12:20
VDI-VERTEX03,8/18/2021 13:32
HE5LTSA42084L,9/17/2019 20:49
HEBPTFSN2L,5/26/2021 21:50
HER9039BFYL,2/27/2019 16:05
HE5HTSA18230L,7/25/2019 21:17
HEMJ03FAJCD,6/4/2019 13:24
HEMG00GKHAD,11/27/2019 17:06
HE1DYV5S2L,3/25/2021 15:16
HE948BTG2L,3/30/2021 16:12
HEPC08ERYBL,2/22/2020 9:45
HEMJ0339RGD,7/18/2019 17:08
HE5HTSA18356L,6/20/2017 12:33
HEMJ02XJSUD,5/18/2018 23:54
HEPC0FDV2UL,4/11/2019 20:27
HEMG00GKBND,6/11/2019 12:23
HEPC08URDJL,4/17/2019 14:08
HEMJ033A3XD,5/31/2019 12:52
HEMG00HAMSD,8/21/2019 17:53
HEPC02CPVRL,8/28/2018 16:43
HEMJ03SHZ6D,9/28/2019 2:05
HEMJ03FMY1D,6/13/2019 13:48
HEMG00JQAND,5/20/2019 10:26
HEMJ025B2KD,8/7/2019 14:52
HEPC0CPC40L,6/11/2019 13:00
HE1PHNG92L,9/28/2018 0:00
HEPC08URCNL,7/11/2019 1:35
HE8LMYPH2L,3/16/2020 14:03
HEMG008CEZD,6/1/2018 18:31
HEPC06FZ8HL,8/24/2018 18:48
HER90BPXAXL,8/27/2018 15:38
HE43KQ1S2D,11/16/2020 14:10
HEMJ037GKBD,6/20/2019 16:38
HE5LTSA41357L,11/9/2018 18:11
HEPC008R59L,6/27/2018 3:40
HE155P5S2L,12/31/2019 19:06
HEPC09SEPJL,4/11/2019 21:00
HE4LTSA74654L,2/4/2019 21:26
HEPC09SEQ0L,4/20/2018 21:41
HE3NDXSG21L,9/14/2021 22:25
HEPC08DXJTL,6/5/2019 22:35
HEMJ03F6XQD,7/11/2019 15:18
HE6ATSA45717L,2/18/2019 21:44
SIGNATURE14836,7/13/2017 15:58
HE5JTSA32272L,8/21/2019 20:37
HEPC09S6FQL,3/2/2020 20:02
HEPC02L6KPL,5/6/2019 20:02
HE4LTSA75431L,3/5/2021 19:33
HE6ATSA47127L,4/24/2019 21:45
HEMJ03FMM2D,10/3/2018 20:58
HE5JTSA32132L,2/14/2020 23:52
HEPC08DXLLL,6/12/2017 18:51
HEPC08URD0L,4/15/2019 12:06
HEPC06T5Q7L,4/16/2018 16:21
HEPC06T5NEL,7/27/2017 23:14
HERC539S0283L,5/18/2018 13:34
HECNU3129NKQL,10/9/2018 21:48
HEMG00HAQGD,8/2/2017 20:57
HEPC0FL8P2L,6/5/2019 21:14
HEMJ030PBEK,2/21/2018 17:54
HEMXL2032DQPK,6/19/2019 11:47
HECNU335B3XTL,4/18/2019 15:58
HEMJ0339VHD,7/3/2019 17:33
HEMP076L0BL,4/2/2018 20:10
HEPC0FLFS3L,5/23/2019 17:17
HEPC08DW6CL,4/23/2018 3:53
HECNU2062FGTL,5/16/2017 21:14
HEMXL2152S36D,8/15/2019 14:30
HECNU1513YQ7L,9/19/2018 23:28
HEMJ0339R1D,7/1/2019 16:32
HEPC02CN1PQL2,8/17/2017 19:44
HEMJ0339QJD,5/1/2019 13:20
HEGZSV5S2L,12/2/2020 21:10
HE6ATSA46986L,10/4/2018 22:53
HEPC0KS3ETL,7/31/2019 21:24
HEHHWG7Y2L,8/30/2021 21:51
HEMJ03FN3JD,7/3/2019 15:29
HECNU20948D6L,11/12/2019 13:03
HE5JTSA32284L,12/13/2017 18:42
HE6ETSA65038L,3/5/2018 20:47
HEMG00GKKLD,6/14/2019 21:02
HE2Q00TG2L,8/2/2021 14:12
HEGT8QDW2D,6/7/2021 20:05
HEPC04JZLZL,12/19/2018 15:56
TST-IS-CVM02,2/6/2020 3:41
HEPC06T5PGL,10/5/2018 12:53
HEBJSFYX2L,6/8/2021 19:48
HERF339S0594L,8/10/2017 22:49
HE5LTSA42021L,12/9/2019 16:30
HEPC03VNZ4L,7/12/2017 4:05
HE8S3V7X2D,3/11/2021 20:36
HEGG4R0M2D,9/5/2021 19:58
HEMJ0339S3D,9/30/2019 19:27
HE5HTSA18241L,7/23/2019 15:20
HEMJ03FMEXD,4/17/2019 15:50
HEMJ039C6RK,7/1/2019 16:31
HEPC0FL87PL,7/23/2018 12:39
HEF27Z5H2L,7/27/2017 20:41
HEPC08DU25L,12/13/2017 7:48
HEPC08ERXNL,6/11/2019 17:17
HECNU3129JKNL,1/11/2019 15:49
HEMJ0339YKD,7/1/2019 12:32
HE6QL5QH2L,5/19/2021 2:13
HEPC08ERY9L,7/2/2019 17:28
HE5QZJ5S2L,6/28/2021 12:33
HE2UA3081HKBD,7/17/2017 20:13
HEPC0DLJ7ZL,12/19/2018 22:42
HER90KZZTEL,6/26/2020 15:44
HEMJ03FMHDD,4/11/2019 13:23
HERDB39S0268L,1/27/2020 15:22
HEPC09SEQ1L,4/11/2019 13:32
HESPC06T5PJL,12/3/2018 16:20
HEGJDJSN2L,4/12/2021 20:17
HEMJ0339XCD1,5/31/2019 18:45
HE6FTSA69283L,6/12/2019 14:18
HEMG00GKDPD,8/1/2019 15:57
HEPC05H4ARL,5/7/2019 20:22
HE5LTSA41336L,3/30/2020 18:16
HE8S3S7X2D,6/25/2021 14:50
HER901CXEYL,8/30/2019 15:24
HE4ZDLNF2L,3/12/2021 16:06
HEMG00GKKUD,6/14/2019 13:46
HEPC08DTYZI,6/14/2018 17:28
HE5B6SP93L,7/5/2021 13:39
HEPC08ERXFL,8/13/2018 15:04
HEMJ037GKXD,5/21/2019 14:12
VDI-CONVERGE-03,12/28/2020 16:54
HEPC02CNW9L,6/29/2019 14:52
HEPC0FLHWAL,4/3/2019 17:25
HEMJ0339S2D,4/30/2019 17:33
HEMG00HANYD,6/5/2019 17:32
HEPC08ERXSL,9/18/2017 12:39
HEMG00GKGFD,6/10/2019 22:00
HER90BRMYZL,8/7/2017 12:39
HEMXL2091611K,10/1/2018 22:10
HE8S4X7X2D,3/12/2021 15:03
HEPC08DXGDL,10/26/2018 3:55
HECNU20842KJL,7/16/2021 21:57
HE6ATSA46629L,5/14/2019 19:22
HE75094M21L,7/30/2021 16:45
HEMJ033A2AD,8/6/2019 15:25
HEHB8VMN2D,7/29/2021 12:04
HEMJ030PBXK,6/25/2019 22:01
HEMG00JQGJD,10/18/2018 14:58
HE1YMK0S2D,4/21/2021 15:43
HEF55R6Y2L,2/27/2020 23:32
HEPC09SEPUL,6/17/2019 14:09
HEPC02UYDEL,6/18/2019 18:54
HEMG00GKBPD,7/18/2019 14:29
HEPC08ERYLL,8/19/2019 11:00
HE4LTSA75934L,11/10/2017 16:58
HEMJ02XKD7D,5/18/2018 21:34
HE46G5TG2L,3/23/2021 20:11
HEPC08DXLCL,5/25/2018 21:49
HEJYDN7Y2L,9/20/2019 16:18
HE7ETSA04605L,6/18/2020 19:08
HE3Z9GP73L,12/8/2020 16:30
HEPC08DU2QL,5/17/2018 14:32
HEPC0KXS8LL,8/21/2018 20:43
HE6ATSA47088L,6/12/2019 11:43
HEMG00GE4KD,6/11/2019 17:48
HER90GRN7RL,2/26/2018 17:41
HEMG00JQG8D,10/11/2019 18:02
HEDKR2NH2L,7/16/2021 18:21
HEH4D4TG2L,8/13/2021 18:14
